order_month,revenue,profit,units,orders,revenue_mom_pct
2018-04-01,32726.0,-3960.0,389,44,
2018-05-01,28545.0,-3584.0,423,31,-12.8
2018-06-01,23658.0,-4970.0,369,30,-17.1
2018-07-01,12966.0,-2138.0,240,31,-45.2
2018-08-01,30899.0,-2180.0,446,31,138.3
2018-09-01,26628.0,-4963.0,331,30,-13.8
2018-10-01,31615.0,3093.0,419,43,18.7
2018-11-01,48086.0,11619.0,578,46,52.1
2018-12-01,37579.0,5284.0,412,41,-21.9
2019-01-01,61439.0,9760.0,745,61,63.5
2019-02-01,38424.0,5917.0,512,54,-37.5
2019-03-01,58937.0,10077.0,751,58,53.4