target_month,category,target_amount,actual_revenue,attainment,hit_target
2018-07-01,Electronics,9000.0,6502.0,0.7224,false
2018-09-01,Electronics,9000.0,7207.0,0.8008,false
2018-04-01,Furniture,10400.0,8121.0,0.7809,false
2018-05-01,Furniture,10500.0,6220.0,0.5924,false
2018-06-01,Furniture,10600.0,5532.0,0.5219,false
2018-07-01,Furniture,10800.0,3483.0,0.3225,false
2018-08-01,Furniture,10900.0,9538.0,0.875,false
2018-09-01,Furniture,11000.0,8704.0,0.7913,false
2018-10-01,Furniture,11100.0,6766.0,0.6095,false
2018-12-01,Furniture,11400.0,9474.0,0.8311,false
2018-05-01,Clothing,12000.0,9518.0,0.7932,false
2018-06-01,Clothing,12000.0,8782.0,0.7318,false
2018-09-01,Clothing,14000.0,10717.0,0.7655,false
2018-08-01,Clothing,14000.0,11822.0,0.8444,false
2018-07-01,Clothing,14000.0,2981.0,0.2129,false
2018-10-01,Clothing,16000.0,11488.0,0.718,false
2019-01-01,Clothing,16000.0,13466.0,0.8416,false
2019-02-01,Clothing,16000.0,9569.0,0.5981,false
2019-02-01,Electronics,16000.0,12593.0,0.7871,false
2018-12-01,Clothing,16000.0,9545.0,0.5966,false
2018-11-01,Electronics,9000.0,16651.0,1.8501,true
2018-08-01,Electronics,9000.0,9539.0,1.0599,true
2018-05-01,Electronics,9000.0,12807.0,1.423,true
2018-10-01,Electronics,9000.0,13361.0,1.4846,true
2018-04-01,Electronics,9000.0,11127.0,1.2363,true
2018-06-01,Electronics,9000.0,9344.0,1.0382,true
2018-12-01,Electronics,9000.0,18560.0,2.0622,true
2018-11-01,Furniture,11300.0,15165.0,1.342,true
2019-01-01,Furniture,11500.0,21257.0,1.8484,true
2019-02-01,Furniture,11600.0,16262.0,1.4019,true
2019-03-01,Furniture,11800.0,16659.0,1.4118,true
2018-04-01,Clothing,12000.0,13478.0,1.1232,true
2018-11-01,Clothing,16000.0,16270.0,1.0169,true
2019-03-01,Electronics,16000.0,20860.0,1.3037,true
2019-03-01,Clothing,16000.0,21418.0,1.3386,true
2019-01-01,Electronics,16000.0,26716.0,1.6698,true