state,city,revenue,profit,units,orders,data_note
Tamil Nadu,Chennai,6087.0,-2216.0,91,8,
Punjab,Amritsar,4507.0,544.0,52,9,
Uttar Pradesh,Allahabad,16857.0,3081.0,138,9,
Gujarat,Surat,6828.0,1345.0,93,10,
Sikkim,Gangtok,5276.0,401.0,93,12,
Uttar Pradesh,Lucknow,5502.0,156.0,150,13,
Rajasthan,Udaipur,11073.0,2010.0,115,13,
Goa,Goa,6705.0,370.0,145,14,
Himachal Pradesh,Simla,8666.0,656.0,113,14,
Jammu and Kashmir,Kashmir,10829.0,8.0,177,14,
Nagaland,Kohima,11903.0,148.0,173,15,
Andhra Pradesh,Hyderabad,13256.0,-496.0,146,15,
Bihar,Patna,12943.0,-321.0,206,16,
Kerala,Thiruvananthapuram,13459.0,1871.0,157,16,
Gujarat,Ahmedabad,14230.0,-880.0,235,17,
Rajasthan,Jaipur,10076.0,-753.0,167,19,
Karnataka,Bangalore,15058.0,645.0,180,21,
Maharashtra,Pune,33481.0,4539.0,329,22,
West Bengal,Kolkata,14086.0,2500.0,216,22,
Madhya Pradesh,Bhopal,23583.0,871.0,247,22,
Delhi,Delhi,25019.0,3508.0,306,25,
Maharashtra,Mumbai,61867.0,1637.0,727,68,
Madhya Pradesh,Indore,79069.0,4159.0,1084,76,
Haryana,Chandigarh,8863.0,1325.0,111,14,Appears under both Punjab and Haryana in source data
Punjab,Chandigarh,12279.0,-1153.0,164,16,Appears under both Punjab and Haryana in source data